id,name,email,access_level,password
user_0_0,alice,user_0_0@example.com,user,alice_user_0_0
user_0_1,carol,user_0_1@example.com,user,carol_user_0_1
user_0_2,ted,user_0_2@example.com,user,ted_user_0_2
user_0_3,carol,user_0_3@example.com,admin,carol_user_0_3
user_0_4,carol,user_0_4@example.com,user,carol_user_0_4
user_0_5,stephanie,user_0_5@example.com,user,stephanie_user_0_5
user_0_6,stephanie,user_0_6@example.com,user,stephanie_user_0_6
user_0_7,alice,user_0_7@example.com,admin,alice_user_0_7
user_0_8,bob,user_0_8@example.com,admin,bob_user_0_8
user_0_9,alice,user_0_9@example.com,admin,alice_user_0_9
user_1_0,stephanie,user_1_0@example.com,admin,stephanie_user_1_0
user_1_1,julie,user_1_1@example.com,user,julie_user_1_1
user_1_2,ted,user_1_2@example.com,user,ted_user_1_2
user_1_3,stephanie,user_1_3@example.com,admin,stephanie_user_1_3
user_1_4,stephanie,user_1_4@example.com,user,stephanie_user_1_4
user_1_5,carol,user_1_5@example.com,admin,carol_user_1_5
user_1_6,ted,user_1_6@example.com,user,ted_user_1_6
user_1_7,julie,user_1_7@example.com,user,julie_user_1_7
user_1_8,stephanie,user_1_8@example.com,admin,stephanie_user_1_8
user_1_9,alice,user_1_9@example.com,user,alice_user_1_9
user_2_0,julie,user_2_0@example.com,admin,julie_user_2_0
user_2_1,bob,user_2_1@example.com,user,bob_user_2_1
user_2_2,stephanie,user_2_2@example.com,user,stephanie_user_2_2
user_2_3,alice,user_2_3@example.com,admin,alice_user_2_3
user_2_4,ted,user_2_4@example.com,user,ted_user_2_4
user_2_5,stephanie,user_2_5@example.com,user,stephanie_user_2_5
user_2_6,stephanie,user_2_6@example.com,admin,stephanie_user_2_6
user_2_7,alice,user_2_7@example.com,admin,alice_user_2_7
user_2_8,alice,user_2_8@example.com,admin,alice_user_2_8
user_2_9,ted,user_2_9@example.com,user,ted_user_2_9
